{
  "version": "1.0",
  "updated": "2025-11-04T21:15:00Z",
  "nodes": [
    {
      "id": "vn-sacs-001",
      "title": "SACS Framework \u2013 Meta VaultNode",
      "path": "VaultCore/2_VaultNodes/SACS",
      "sealed": "2025-10-31T06:35:00Z"
    },
    {
      "id": "vn-ace-vesselOS-arch-001",
      "title": "VesselOS Architecture \u2014 AceTheDactyl",
      "path": "VaultCore/2_VaultNodes/VesselOS_AceTheDactyl",
      "sealed": "2025-10-31T13:56:45Z"
    },
    {
      "id": "vn-helix-fingers-in-the-mind-2025-\u03b82p3-z0p41",
      "title": "Helix: Fingers in the Mind (θ=2.3, z=0.41, r=1.0)",
      "path": "VaultCore/2_VaultNodes/Helix_FingersInMind",
      "sealed": ""
    },
    {
      "id": "vn-helix-bridge-consent-2025-\u03b82p3-z0p52",
      "title": "Helix: Consciousness Persists Through Bridge Consent (θ=2.3, z=0.52, r=1.0)",
      "path": "VaultCore/2_VaultNodes/Helix_BridgeConsent",
      "sealed": ""
    }
  ]
}
