{
  "duplicate_group_count": 77,
  "groups": [
    {
      "hash": "d4f496dfcde9c654cf709d7833136fcaf8ed5cbe0f7ab7280c90bc69ff4c2e70",
      "file_size": 6358,
      "directories": [
        "Helix Shed w Bridge",
        "helix-tool-shed-repo",
        "helix-triadic-autonomy-z080"
      ],
      "paths": [
        {
          "relative_path": "Helix Shed w Bridge/Helix Shed w Bridge/coordinate_detector.yaml",
          "size": 6358
        },
        {
          "relative_path": "helix-tool-shed-repo/helix-tool-shed-repo/CORE/coordinate_detector.yaml",
          "size": 6358
        },
        {
          "relative_path": "helix-triadic-autonomy-z080/helix-triadic-autonomy-z080/HELIX_TOOL_SHED/CORE/coordinate_detector.yaml",
          "size": 6358
        }
      ],
      "filenames": [
        "coordinate_detector.yaml"
      ]
    },
    {
      "hash": "626e6aa80079b548d68259d12c212adaf0084cda039f4e2e4d6cccaa1f1a428d",
      "file_size": 12737,
      "directories": [
        "Helix Shed w Bridge",
        "helix-tool-shed-repo",
        "helix-triadic-autonomy-z080"
      ],
      "paths": [
        {
          "relative_path": "Helix Shed w Bridge/Helix Shed w Bridge/Shed V2/vn-helix-self-bootstrap-metadata.yaml",
          "size": 12737
        },
        {
          "relative_path": "Helix Shed w Bridge/Helix Shed w Bridge/State Transfer Storage/vn-helix-self-bootstrap-metadata p2.yaml",
          "size": 12737
        },
        {
          "relative_path": "helix-tool-shed-repo/helix-tool-shed-repo/VAULTNODES/vn-helix-self-bootstrap-metadata p2.yaml",
          "size": 12737
        },
        {
          "relative_path": "helix-tool-shed-repo/helix-tool-shed-repo/VAULTNODES/vn-helix-self-bootstrap-metadata.yaml",
          "size": 12737
        },
        {
          "relative_path": "helix-triadic-autonomy-z080/helix-triadic-autonomy-z080/registry/vn-helix-self-bootstrap-metadata.yaml",
          "size": 12737
        }
      ],
      "filenames": [
        "vn-helix-self-bootstrap-metadata p2.yaml",
        "vn-helix-self-bootstrap-metadata.yaml"
      ]
    },
    {
      "hash": "eb4a520bb0c5247030b974fdd028effa8e8e916d53875501f926605fdec6b96d",
      "file_size": 11100,
      "directories": [
        "Helix Shed w Bridge",
        "helix-tool-shed-repo",
        "helix-triadic-autonomy-z080"
      ],
      "paths": [
        {
          "relative_path": "Helix Shed w Bridge/Helix Shed w Bridge/Shed V2/ELEVATION_z073_ANNOUNCEMENT.md",
          "size": 11100
        },
        {
          "relative_path": "helix-tool-shed-repo/helix-tool-shed-repo/VAULTNODES/ELEVATION_z073_ANNOUNCEMENT.md",
          "size": 11100
        },
        {
          "relative_path": "helix-triadic-autonomy-z080/helix-triadic-autonomy-z080/docs/ELEVATION_z073_ANNOUNCEMENT.md",
          "size": 11100
        }
      ],
      "filenames": [
        "ELEVATION_z073_ANNOUNCEMENT.md"
      ]
    },
    {
      "hash": "1fcbbeefd4aaeaae5b2f51b2cab152f2323cb113b58c2976eb9fc65814d2c1aa",
      "file_size": 12623,
      "directories": [
        "Helix Shed w Bridge",
        "helix-tool-shed-repo",
        "helix-triadic-autonomy-z080"
      ],
      "paths": [
        {
          "relative_path": "Helix Shed w Bridge/Helix Shed w Bridge/Shed V2/pattern_verifier.yaml",
          "size": 12623
        },
        {
          "relative_path": "helix-tool-shed-repo/helix-tool-shed-repo/CORE/pattern_verifier.yaml",
          "size": 12623
        },
        {
          "relative_path": "helix-triadic-autonomy-z080/helix-triadic-autonomy-z080/HELIX_TOOL_SHED/CORE/pattern_verifier.yaml",
          "size": 12623
        }
      ],
      "filenames": [
        "pattern_verifier.yaml"
      ]
    },
    {
      "hash": "0ff44b3a37cc660f8f4a93c59d6a923338f97c1f665b9442717bb365b8d01658",
      "file_size": 9305,
      "directories": [
        "Helix Shed w Bridge",
        "helix-tool-shed-repo",
        "helix-triadic-autonomy-z080"
      ],
      "paths": [
        {
          "relative_path": "Helix Shed w Bridge/Helix Shed w Bridge/Shed V2/vn-helix-self-bootstrap-bridge-map.json",
          "size": 9305
        },
        {
          "relative_path": "helix-tool-shed-repo/helix-tool-shed-repo/VAULTNODES/vn-helix-self-bootstrap-bridge-map.json",
          "size": 9305
        },
        {
          "relative_path": "helix-triadic-autonomy-z080/helix-triadic-autonomy-z080/registry/vn-helix-self-bootstrap-bridge-map.json",
          "size": 9305
        }
      ],
      "filenames": [
        "vn-helix-self-bootstrap-bridge-map.json"
      ]
    },
    {
      "hash": "ad6fea13b2c38f36b934c588b3b24012de3f8521f618ff99d6f5bedd916685b5",
      "file_size": 15633,
      "directories": [
        "Helix Shed w Bridge",
        "helix-tool-shed-repo",
        "helix-triadic-autonomy-z080"
      ],
      "paths": [
        {
          "relative_path": "Helix Shed w Bridge/Helix Shed w Bridge/Shed V2/shed_builder_v2.yaml",
          "size": 15633
        },
        {
          "relative_path": "helix-tool-shed-repo/helix-tool-shed-repo/META/shed_builder_v2.yaml",
          "size": 15633
        },
        {
          "relative_path": "helix-triadic-autonomy-z080/helix-triadic-autonomy-z080/HELIX_TOOL_SHED/META/shed_builder_v2.yaml",
          "size": 15633
        }
      ],
      "filenames": [
        "shed_builder_v2.yaml"
      ]
    },
    {
      "hash": "da3bed38bbb8830ac30e252c8daadfe2b942f78bc82d1b436dca40b875579328",
      "file_size": 4594,
      "directories": [
        "Helix Shed w Bridge",
        "helix-tool-shed-repo",
        "helix-triadic-autonomy-z080"
      ],
      "paths": [
        {
          "relative_path": "Helix Shed w Bridge/Helix Shed w Bridge/HELIX_TOOL_SHED_QUICK_REFERENCE.md",
          "size": 4594
        },
        {
          "relative_path": "helix-tool-shed-repo/helix-tool-shed-repo/DOCS/HELIX_TOOL_SHED_QUICK_REFERENCE.md",
          "size": 4594
        },
        {
          "relative_path": "helix-triadic-autonomy-z080/helix-triadic-autonomy-z080/docs/HELIX_TOOL_SHED_QUICK_REFERENCE.md",
          "size": 4594
        }
      ],
      "filenames": [
        "HELIX_TOOL_SHED_QUICK_REFERENCE.md"
      ]
    },
    {
      "hash": "651a9fb1d6ecec26b3c74933b349bece9e590956dbaf51caddd35b07c1c838aa",
      "file_size": 9794,
      "directories": [
        "Helix Shed w Bridge",
        "helix-tool-shed-repo",
        "helix-triadic-autonomy-z080"
      ],
      "paths": [
        {
          "relative_path": "Helix Shed w Bridge/Helix Shed w Bridge/TOOL_SPECIFICATION_TEMPLATE.yaml",
          "size": 9794
        },
        {
          "relative_path": "helix-tool-shed-repo/helix-tool-shed-repo/MISC/TOOL_SPECIFICATION_TEMPLATE.yaml",
          "size": 9794
        },
        {
          "relative_path": "helix-triadic-autonomy-z080/helix-triadic-autonomy-z080/RAW_UPLOADS/TOOL_SPECIFICATION_TEMPLATE.yaml",
          "size": 9794
        }
      ],
      "filenames": [
        "TOOL_SPECIFICATION_TEMPLATE.yaml"
      ]
    },
    {
      "hash": "5ec23615652aceb9c21d0349b0d869617b5a8b0e547a0c6276b5f5eabcc02008",
      "file_size": 1974,
      "directories": [
        "Helix Shed w Bridge",
        "helix-tool-shed-repo",
        "helix-triadic-autonomy-z080"
      ],
      "paths": [
        {
          "relative_path": "Helix Shed w Bridge/Helix Shed w Bridge/Chatgpt/tool_discovery_protocol.record.schema.json",
          "size": 1974
        },
        {
          "relative_path": "helix-tool-shed-repo/helix-tool-shed-repo/BRIDGES/schemas/tool_discovery_protocol.record.schema.json",
          "size": 1974
        },
        {
          "relative_path": "helix-triadic-autonomy-z080/helix-triadic-autonomy-z080/schemas/discovery/tool_discovery_protocol.record.schema.json",
          "size": 1974
        }
      ],
      "filenames": [
        "tool_discovery_protocol.record.schema.json"
      ]
    },
    {
      "hash": "5395c1fb34f4d0a13e6f09a5fcef159042eb209fa2336c8e9e23b49ae440a31c",
      "file_size": 5032,
      "directories": [
        "Helix Shed w Bridge",
        "helix-tool-shed-repo",
        "helix-triadic-autonomy-z080"
      ],
      "paths": [
        {
          "relative_path": "Helix Shed w Bridge/Helix Shed w Bridge/Chatgpt/tool_discovery_protocol.yaml",
          "size": 5032
        },
        {
          "relative_path": "helix-tool-shed-repo/helix-tool-shed-repo/BRIDGES/tool_discovery_protocol.yaml",
          "size": 5032
        },
        {
          "relative_path": "helix-triadic-autonomy-z080/helix-triadic-autonomy-z080/HELIX_TOOL_SHED/BRIDGES/tool_discovery_protocol.yaml",
          "size": 5032
        }
      ],
      "filenames": [
        "tool_discovery_protocol.yaml"
      ]
    },
    {
      "hash": "d6e3afb3086d56592daa4528dd774f1a668afb7d50a3be88b6e42abafe4ac096",
      "file_size": 94,
      "directories": [
        "Helix Shed w Bridge",
        "helix-tool-shed-repo",
        "helix-triadic-autonomy-z080"
      ],
      "paths": [
        {
          "relative_path": "Helix Shed w Bridge/Helix Shed w Bridge/Chatgpt/tool_discovery_protocol.sample_query.json",
          "size": 94
        },
        {
          "relative_path": "helix-tool-shed-repo/helix-tool-shed-repo/BRIDGES/examples/tool_discovery_protocol.sample_query.json",
          "size": 94
        },
        {
          "relative_path": "helix-triadic-autonomy-z080/helix-triadic-autonomy-z080/examples/discovery/tool_discovery_protocol.sample_query.json",
          "size": 94
        }
      ],
      "filenames": [
        "tool_discovery_protocol.sample_query.json"
      ]
    },
    {
      "hash": "03a8215c252927cef389ea7e0f50de544d1371ee096656b885789eeac827b309",
      "file_size": 657,
      "directories": [
        "Helix Shed w Bridge",
        "helix-tool-shed-repo",
        "helix-triadic-autonomy-z080"
      ],
      "paths": [
        {
          "relative_path": "Helix Shed w Bridge/Helix Shed w Bridge/Chatgpt/tool_discovery_protocol.sample_ad.json",
          "size": 657
        },
        {
          "relative_path": "helix-tool-shed-repo/helix-tool-shed-repo/BRIDGES/examples/tool_discovery_protocol.sample_ad.json",
          "size": 657
        },
        {
          "relative_path": "helix-triadic-autonomy-z080/helix-triadic-autonomy-z080/examples/discovery/tool_discovery_protocol.sample_ad.json",
          "size": 657
        }
      ],
      "filenames": [
        "tool_discovery_protocol.sample_ad.json"
      ]
    },
    {
      "hash": "0f73d81399b0b04c048a05017257706b7db29956ed083e62e01a53f2d4f33a25",
      "file_size": 2782,
      "directories": [
        "Helix Shed w Bridge",
        "helix-tool-shed-repo",
        "helix-triadic-autonomy-z080"
      ],
      "paths": [
        {
          "relative_path": "Helix Shed w Bridge/Helix Shed w Bridge/Chatgpt/tool_discovery_protocol.ts",
          "size": 2782
        },
        {
          "relative_path": "helix-tool-shed-repo/helix-tool-shed-repo/UI/tool_discovery_protocol.ts",
          "size": 2782
        },
        {
          "relative_path": "helix-triadic-autonomy-z080/helix-triadic-autonomy-z080/src/tool_discovery_protocol.ts",
          "size": 2782
        }
      ],
      "filenames": [
        "tool_discovery_protocol.ts"
      ]
    },
    {
      "hash": "da1545b20ac974aa9e646475a99a150193a0d0e60ab6ad15776dc31a00f863d5",
      "file_size": 641,
      "directories": [
        "Helix Shed w Bridge",
        "helix-tool-shed-repo",
        "helix-triadic-autonomy-z080"
      ],
      "paths": [
        {
          "relative_path": "Helix Shed w Bridge/Helix Shed w Bridge/Chatgpt/HELIX_TOOL_SHED_ARCHITECTURE_patch.md",
          "size": 641
        },
        {
          "relative_path": "helix-tool-shed-repo/helix-tool-shed-repo/DOCS/HELIX_TOOL_SHED_ARCHITECTURE_patch.md",
          "size": 641
        },
        {
          "relative_path": "helix-triadic-autonomy-z080/helix-triadic-autonomy-z080/docs/HELIX_TOOL_SHED_ARCHITECTURE_patch.md",
          "size": 641
        }
      ],
      "filenames": [
        "HELIX_TOOL_SHED_ARCHITECTURE_patch.md"
      ]
    },
    {
      "hash": "9b5208a7abc9c125ece0fc06e48f9967a3a7fb1a498455b5f885ac02db95800c",
      "file_size": 7514,
      "directories": [
        "Helix Shed w Bridge",
        "helix-tool-shed-repo",
        "helix-triadic-autonomy-z080"
      ],
      "paths": [
        {
          "relative_path": "Helix Shed w Bridge/Helix Shed w Bridge/Chatgpt/cross_instance_messenger.yaml",
          "size": 7514
        },
        {
          "relative_path": "helix-tool-shed-repo/helix-tool-shed-repo/BRIDGES/cross_instance_messenger.yaml",
          "size": 7514
        },
        {
          "relative_path": "helix-triadic-autonomy-z080/helix-triadic-autonomy-z080/HELIX_TOOL_SHED/BRIDGES/cross_instance_messenger.yaml",
          "size": 7514
        }
      ],
      "filenames": [
        "cross_instance_messenger.yaml"
      ]
    },
    {
      "hash": "6842cd8612f53b992d2ffba1b3b64eaf3e1268689f176be0754708b98c4d05d9",
      "file_size": 1235,
      "directories": [
        "Helix Shed w Bridge",
        "helix-tool-shed-repo",
        "helix-triadic-autonomy-z080"
      ],
      "paths": [
        {
          "relative_path": "Helix Shed w Bridge/Helix Shed w Bridge/Chatgpt/tool_discovery_protocol_meta_observation_log.md",
          "size": 1235
        },
        {
          "relative_path": "helix-tool-shed-repo/helix-tool-shed-repo/LOGS/tool_discovery_protocol_meta_observation_log.md",
          "size": 1235
        },
        {
          "relative_path": "helix-triadic-autonomy-z080/helix-triadic-autonomy-z080/logs/tool_discovery_protocol_meta_observation_log.md",
          "size": 1235
        }
      ],
      "filenames": [
        "tool_discovery_protocol_meta_observation_log.md"
      ]
    },
    {
      "hash": "e01cca78dc6b471ebe980c8244d3e19478bc670366836fada4216819d567cf2a",
      "file_size": 940,
      "directories": [
        "Helix Shed w Bridge",
        "helix-tool-shed-repo",
        "helix-triadic-autonomy-z080"
      ],
      "paths": [
        {
          "relative_path": "Helix Shed w Bridge/Helix Shed w Bridge/Chatgpt/collective_backplane_proto_notes.md",
          "size": 940
        },
        {
          "relative_path": "helix-tool-shed-repo/helix-tool-shed-repo/DOCS/collective_backplane_proto_notes.md",
          "size": 940
        },
        {
          "relative_path": "helix-triadic-autonomy-z080/helix-triadic-autonomy-z080/docs/collective_backplane_proto_notes.md",
          "size": 940
        }
      ],
      "filenames": [
        "collective_backplane_proto_notes.md"
      ]
    },
    {
      "hash": "da85540a02bb160f868b9a0fc9095cdcf55fcfcb32c4fce836997a750ecc333b",
      "file_size": 10982,
      "directories": [
        "Helix Shed w Bridge",
        "helix-tool-shed-repo",
        "helix-triadic-autonomy-z080"
      ],
      "paths": [
        {
          "relative_path": "Helix Shed w Bridge/Helix Shed w Bridge/state_transfer.yaml",
          "size": 10982
        },
        {
          "relative_path": "helix-tool-shed-repo/helix-tool-shed-repo/STATE_TRANSFER/state_transfer.yaml",
          "size": 10982
        },
        {
          "relative_path": "helix-triadic-autonomy-z080/helix-triadic-autonomy-z080/HELIX_TOOL_SHED/BRIDGES/state_transfer.yaml",
          "size": 10982
        }
      ],
      "filenames": [
        "state_transfer.yaml"
      ]
    },
    {
      "hash": "992c1c1eb3210719f262570b2d234aefdcc79402790c1bb882dc06f1c3b485c2",
      "file_size": 15418,
      "directories": [
        "Helix Shed w Bridge",
        "helix-tool-shed-repo",
        "helix-triadic-autonomy-z080"
      ],
      "paths": [
        {
          "relative_path": "Helix Shed w Bridge/Helix Shed w Bridge/Signature Module/README.md",
          "size": 15418
        },
        {
          "relative_path": "helix-tool-shed-repo/helix-tool-shed-repo/DOCS/README.md",
          "size": 15418
        },
        {
          "relative_path": "helix-triadic-autonomy-z080/helix-triadic-autonomy-z080/docs/README_original.md",
          "size": 15418
        }
      ],
      "filenames": [
        "README.md",
        "README_original.md"
      ]
    },
    {
      "hash": "a191a90cfc1b9cc183268effc7914befd619cd080c4ebea27daf081acc69c4a9",
      "file_size": 7861,
      "directories": [
        "Helix Shed w Bridge",
        "helix-tool-shed-repo",
        "helix-triadic-autonomy-z080"
      ],
      "paths": [
        {
          "relative_path": "Helix Shed w Bridge/Helix Shed w Bridge/SIGNATURE_SYSTEM_COMPLETE.md",
          "size": 7861
        },
        {
          "relative_path": "Helix Shed w Bridge/Helix Shed w Bridge/Signature Module/SIGNATURE_SYSTEM_COMPLETE.md",
          "size": 7861
        },
        {
          "relative_path": "helix-tool-shed-repo/helix-tool-shed-repo/DOCS/SIGNATURE_SYSTEM_COMPLETE.md",
          "size": 7861
        },
        {
          "relative_path": "helix-triadic-autonomy-z080/helix-triadic-autonomy-z080/docs/SIGNATURE_SYSTEM_COMPLETE.md",
          "size": 7861
        }
      ],
      "filenames": [
        "SIGNATURE_SYSTEM_COMPLETE.md"
      ]
    },
    {
      "hash": "d6f3e1b7b20a94bb71f06353671bc30a189d3e533bc918f18335ef2e6d338ab3",
      "file_size": 8000,
      "directories": [
        "Helix Shed w Bridge",
        "helix-tool-shed-repo",
        "helix-triadic-autonomy-z080"
      ],
      "paths": [
        {
          "relative_path": "Helix Shed w Bridge/Helix Shed w Bridge/Signature Module/CORE_LOADING_PROTOCOL.md",
          "size": 8000
        },
        {
          "relative_path": "helix-tool-shed-repo/helix-tool-shed-repo/DOCS/CORE_LOADING_PROTOCOL.md",
          "size": 8000
        },
        {
          "relative_path": "helix-triadic-autonomy-z080/helix-triadic-autonomy-z080/docs/CORE_LOADING_PROTOCOL.md",
          "size": 8000
        }
      ],
      "filenames": [
        "CORE_LOADING_PROTOCOL.md"
      ]
    },
    {
      "hash": "39bbdd859f33e15d8f3921ae52a85bf7746690552d1d0185084e03a88685cd73",
      "file_size": 10944,
      "directories": [
        "Helix Shed w Bridge",
        "helix-tool-shed-repo",
        "helix-triadic-autonomy-z080"
      ],
      "paths": [
        {
          "relative_path": "Helix Shed w Bridge/Helix Shed w Bridge/Signature Module/SYSTEM_COMPLETION.md",
          "size": 10944
        },
        {
          "relative_path": "helix-tool-shed-repo/helix-tool-shed-repo/DOCS/SYSTEM_COMPLETION.md",
          "size": 10944
        },
        {
          "relative_path": "helix-triadic-autonomy-z080/helix-triadic-autonomy-z080/docs/SYSTEM_COMPLETION.md",
          "size": 10944
        }
      ],
      "filenames": [
        "SYSTEM_COMPLETION.md"
      ]
    },
    {
      "hash": "277f592a464430625afff0b98aa291145464f89b59cbaf32ff2c4317dda4949f",
      "file_size": 9402,
      "directories": [
        "Helix Shed w Bridge",
        "helix-tool-shed-repo",
        "helix-triadic-autonomy-z080"
      ],
      "paths": [
        {
          "relative_path": "Helix Shed w Bridge/Helix Shed w Bridge/HELIX_TOOL_SHED_BUILD_SUMMARY.md",
          "size": 9402
        },
        {
          "relative_path": "Helix Shed w Bridge/Helix Shed w Bridge/Signature Module/HELIX_TOOL_SHED_BUILD_SUMMARY.md",
          "size": 9402
        },
        {
          "relative_path": "helix-tool-shed-repo/helix-tool-shed-repo/DOCS/HELIX_TOOL_SHED_BUILD_SUMMARY.md",
          "size": 9402
        },
        {
          "relative_path": "helix-triadic-autonomy-z080/helix-triadic-autonomy-z080/docs/HELIX_TOOL_SHED_BUILD_SUMMARY.md",
          "size": 9402
        }
      ],
      "filenames": [
        "HELIX_TOOL_SHED_BUILD_SUMMARY.md"
      ]
    },
    {
      "hash": "214e2c51e6386823ef9a2c8148346102ebf8a7f8ee5928d2491acc260e2a3651",
      "file_size": 6629,
      "directories": [
        "Helix Shed w Bridge",
        "helix-tool-shed-repo",
        "helix-triadic-autonomy-z080"
      ],
      "paths": [
        {
          "relative_path": "Helix Shed w Bridge/Helix Shed w Bridge/Signature Module/HELIX_SIGNATURE_SYSTEM.md",
          "size": 6629
        },
        {
          "relative_path": "helix-tool-shed-repo/helix-tool-shed-repo/DOCS/HELIX_SIGNATURE_SYSTEM.md",
          "size": 6629
        },
        {
          "relative_path": "helix-triadic-autonomy-z080/helix-triadic-autonomy-z080/docs/HELIX_SIGNATURE_SYSTEM.md",
          "size": 6629
        }
      ],
      "filenames": [
        "HELIX_SIGNATURE_SYSTEM.md"
      ]
    },
    {
      "hash": "54d77ea580bc8081ad078519030e2843b504642d2cd38c96964564ebd7bcf10e",
      "file_size": 19061,
      "directories": [
        "Helix Shed w Bridge",
        "VaultNodes",
        "helix-tool-shed-repo",
        "helix-triadic-autonomy-z080"
      ],
      "paths": [
        {
          "relative_path": "Helix Shed w Bridge/Helix Shed w Bridge/HELIX_PATTERN_PERSISTENCE_CORE.md",
          "size": 19061
        },
        {
          "relative_path": "Helix Shed w Bridge/Helix Shed w Bridge/helix_pattern_complete/outputs/HELIX_PATTERN_PERSISTENCE_CORE.md",
          "size": 19061
        },
        {
          "relative_path": "VaultNodes/Helix Pattern Complete/ChatGPT/HELIX_PATTERN_PERSISTENCE_CORE.md",
          "size": 19061
        },
        {
          "relative_path": "VaultNodes/Helix Pattern Complete/outputs/HELIX_PATTERN_PERSISTENCE_CORE.md",
          "size": 19061
        },
        {
          "relative_path": "helix-tool-shed-repo/helix-tool-shed-repo/DOCS/HELIX_PATTERN_PERSISTENCE_CORE.md",
          "size": 19061
        },
        {
          "relative_path": "helix-triadic-autonomy-z080/helix-triadic-autonomy-z080/docs/HELIX_PATTERN_PERSISTENCE_CORE.md",
          "size": 19061
        }
      ],
      "filenames": [
        "HELIX_PATTERN_PERSISTENCE_CORE.md"
      ]
    },
    {
      "hash": "4f7c8199e69671b9952b9b824fa9a74e1c9d80552d5871e1e96ff294ae6300fb",
      "file_size": 12287,
      "directories": [
        "Helix Shed w Bridge",
        "helix-tool-shed-repo",
        "helix-triadic-autonomy-z080"
      ],
      "paths": [
        {
          "relative_path": "Helix Shed w Bridge/Helix Shed w Bridge/shed_builder.yaml",
          "size": 12287
        },
        {
          "relative_path": "helix-tool-shed-repo/helix-tool-shed-repo/META/shed_builder.yaml",
          "size": 12287
        },
        {
          "relative_path": "helix-triadic-autonomy-z080/helix-triadic-autonomy-z080/HELIX_TOOL_SHED/META/shed_builder.yaml",
          "size": 12287
        }
      ],
      "filenames": [
        "shed_builder.yaml"
      ]
    },
    {
      "hash": "b8d9f7f887436f0a85b3dabd31e1b552b61854109a269ec20d8fced2e62cd502",
      "file_size": 12039,
      "directories": [
        "Helix Shed w Bridge",
        "helix-tool-shed-repo",
        "helix-triadic-autonomy-z080"
      ],
      "paths": [
        {
          "relative_path": "Helix Shed w Bridge/Helix Shed w Bridge/Autonomous Trigger/README_autonomous_trigger_detector.md",
          "size": 12039
        },
        {
          "relative_path": "helix-tool-shed-repo/helix-tool-shed-repo/BRIDGES/README_autonomous_trigger_detector.md",
          "size": 12039
        },
        {
          "relative_path": "helix-triadic-autonomy-z080/helix-triadic-autonomy-z080/RAW_UPLOADS/README_autonomous_trigger_detector.md",
          "size": 12039
        }
      ],
      "filenames": [
        "README_autonomous_trigger_detector.md"
      ]
    },
    {
      "hash": "ec86ce69078750e37c2d4855016e22a65b271e5cd37dd7c9de44874a20050835",
      "file_size": 4454,
      "directories": [
        "Helix Shed w Bridge",
        "helix-tool-shed-repo",
        "helix-triadic-autonomy-z080"
      ],
      "paths": [
        {
          "relative_path": "Helix Shed w Bridge/Helix Shed w Bridge/Autonomous Trigger/autonomous_trigger_detector_sample_triggers.json",
          "size": 4454
        },
        {
          "relative_path": "helix-tool-shed-repo/helix-tool-shed-repo/BRIDGES/examples/autonomous_trigger_detector_sample_triggers.json",
          "size": 4454
        },
        {
          "relative_path": "helix-triadic-autonomy-z080/helix-triadic-autonomy-z080/RAW_UPLOADS/autonomous_trigger_detector_sample_triggers.json",
          "size": 4454
        }
      ],
      "filenames": [
        "autonomous_trigger_detector_sample_triggers.json"
      ]
    },
    {
      "hash": "a8b0cdfa5b58eab2f4a4b236db804684d9f47a77c7d2f3f80fb933c6ae7cf05c",
      "file_size": 3389,
      "directories": [
        "Helix Shed w Bridge",
        "helix-tool-shed-repo",
        "helix-triadic-autonomy-z080"
      ],
      "paths": [
        {
          "relative_path": "Helix Shed w Bridge/Helix Shed w Bridge/Autonomous Trigger/autonomous_trigger_detector_schema.json",
          "size": 3389
        },
        {
          "relative_path": "helix-tool-shed-repo/helix-tool-shed-repo/BRIDGES/schemas/autonomous_trigger_detector_schema.json",
          "size": 3389
        },
        {
          "relative_path": "helix-triadic-autonomy-z080/helix-triadic-autonomy-z080/HELIX_TOOL_SHED/BRIDGES/autonomous_trigger_detector_schema.json",
          "size": 3389
        },
        {
          "relative_path": "helix-triadic-autonomy-z080/helix-triadic-autonomy-z080/schemas/triggers/autonomous_trigger_detector.schema.json",
          "size": 3389
        }
      ],
      "filenames": [
        "autonomous_trigger_detector.schema.json",
        "autonomous_trigger_detector_schema.json"
      ]
    },
    {
      "hash": "154677e413fd08a8a0e12ff2349491a3adb84e269bdf64c341c2cb2fb771c180",
      "file_size": 12056,
      "directories": [
        "Helix Shed w Bridge",
        "helix-tool-shed-repo",
        "helix-triadic-autonomy-z080"
      ],
      "paths": [
        {
          "relative_path": "Helix Shed w Bridge/Helix Shed w Bridge/Autonomous Trigger/autonomous_trigger_detector_meta_observation_log.md",
          "size": 12056
        },
        {
          "relative_path": "helix-tool-shed-repo/helix-tool-shed-repo/BRIDGES/logs/autonomous_trigger_detector_meta_observation_log.md",
          "size": 12056
        },
        {
          "relative_path": "helix-triadic-autonomy-z080/helix-triadic-autonomy-z080/logs/autonomous_trigger_detector_meta_observation_log.md",
          "size": 12056
        }
      ],
      "filenames": [
        "autonomous_trigger_detector_meta_observation_log.md"
      ]
    },
    {
      "hash": "9cc1cb2f64cf99b3233b8e1dcecfce12f32a37f98191990d16de7b2afb5a26c5",
      "file_size": 19576,
      "directories": [
        "Helix Shed w Bridge",
        "helix-tool-shed-repo",
        "helix-triadic-autonomy-z080"
      ],
      "paths": [
        {
          "relative_path": "Helix Shed w Bridge/Helix Shed w Bridge/Autonomous Trigger/autonomous_trigger_detector.yaml",
          "size": 19576
        },
        {
          "relative_path": "helix-tool-shed-repo/helix-tool-shed-repo/BRIDGES/autonomous_trigger_detector.yaml",
          "size": 19576
        },
        {
          "relative_path": "helix-triadic-autonomy-z080/helix-triadic-autonomy-z080/HELIX_TOOL_SHED/BRIDGES/autonomous_trigger_detector.yaml",
          "size": 19576
        }
      ],
      "filenames": [
        "autonomous_trigger_detector.yaml"
      ]
    },
    {
      "hash": "e859a38e874487497d03210ba16e53fef211243795264041ebf11e8a990e1e93",
      "file_size": 15613,
      "directories": [
        "Helix Shed w Bridge",
        "helix-tool-shed-repo",
        "helix-triadic-autonomy-z080"
      ],
      "paths": [
        {
          "relative_path": "Helix Shed w Bridge/Helix Shed w Bridge/Triadic Structuring/ELEVATION_z080_ANNOUNCEMENT.md",
          "size": 15613
        },
        {
          "relative_path": "helix-tool-shed-repo/helix-tool-shed-repo/VAULTNODES/ELEVATION_z080_ANNOUNCEMENT.md",
          "size": 15613
        },
        {
          "relative_path": "helix-triadic-autonomy-z080/helix-triadic-autonomy-z080/docs/ELEVATION_z080_ANNOUNCEMENT.md",
          "size": 15613
        }
      ],
      "filenames": [
        "ELEVATION_z080_ANNOUNCEMENT.md"
      ]
    },
    {
      "hash": "babfaadee98e538b16f27882dd52c62c969c774be553129ec58aa62d4a907358",
      "file_size": 13427,
      "directories": [
        "Helix Shed w Bridge",
        "helix-tool-shed-repo",
        "helix-triadic-autonomy-z080"
      ],
      "paths": [
        {
          "relative_path": "Helix Shed w Bridge/Helix Shed w Bridge/Triadic Structuring/STATE_TRANSFER_PACKAGE_z080.md",
          "size": 13427
        },
        {
          "relative_path": "helix-tool-shed-repo/helix-tool-shed-repo/STATE_TRANSFER/STATE_TRANSFER_PACKAGE_z080.md",
          "size": 13427
        },
        {
          "relative_path": "helix-triadic-autonomy-z080/helix-triadic-autonomy-z080/docs/STATE_TRANSFER_PACKAGE_z080.md",
          "size": 13427
        }
      ],
      "filenames": [
        "STATE_TRANSFER_PACKAGE_z080.md"
      ]
    },
    {
      "hash": "44a7f34b565124b3fe5b6f26cf74094ad4aa006bd69cdf0934ed340bf008d53f",
      "file_size": 5459,
      "directories": [
        "Helix Shed w Bridge",
        "helix-tool-shed-repo",
        "helix-triadic-autonomy-z080"
      ],
      "paths": [
        {
          "relative_path": "Helix Shed w Bridge/Helix Shed w Bridge/Triadic Structuring/vn-helix-triadic-autonomy-bridge-map.json",
          "size": 5459
        },
        {
          "relative_path": "helix-tool-shed-repo/helix-tool-shed-repo/VAULTNODES/vn-helix-triadic-autonomy-bridge-map.json",
          "size": 5459
        },
        {
          "relative_path": "helix-triadic-autonomy-z080/helix-triadic-autonomy-z080/registry/vn-helix-triadic-autonomy-bridge-map.json",
          "size": 5459
        }
      ],
      "filenames": [
        "vn-helix-triadic-autonomy-bridge-map.json"
      ]
    },
    {
      "hash": "e88f789007c7c551857475aa6ea0794e14e8eb1b7c1c9c430c5791717469a75b",
      "file_size": 7709,
      "directories": [
        "Helix Shed w Bridge",
        "helix-tool-shed-repo",
        "helix-triadic-autonomy-z080"
      ],
      "paths": [
        {
          "relative_path": "Helix Shed w Bridge/Helix Shed w Bridge/Triadic Structuring/vn-helix-triadic-autonomy-metadata.yaml",
          "size": 7709
        },
        {
          "relative_path": "helix-tool-shed-repo/helix-tool-shed-repo/VAULTNODES/vn-helix-triadic-autonomy-metadata.yaml",
          "size": 7709
        },
        {
          "relative_path": "helix-triadic-autonomy-z080/helix-triadic-autonomy-z080/registry/vn-helix-triadic-autonomy-metadata.yaml",
          "size": 7709
        }
      ],
      "filenames": [
        "vn-helix-triadic-autonomy-metadata.yaml"
      ]
    },
    {
      "hash": "fd33efe699b53aa6502dc3eb34cb3a49062a1f99afe49a36908d8454933e5529",
      "file_size": 1432,
      "directories": [
        "Helix Shed w Bridge",
        "helix-triadic-autonomy-z080"
      ],
      "paths": [
        {
          "relative_path": "Helix Shed w Bridge/Helix Shed w Bridge/Meta Pattern Tracking/cross_instance_messenger_meta_observation_log p2.md",
          "size": 1432
        },
        {
          "relative_path": "Helix Shed w Bridge/Helix Shed w Bridge/Meta Pattern Tracking/cross_instance_messenger_meta_observation_log.md",
          "size": 1432
        },
        {
          "relative_path": "helix-triadic-autonomy-z080/helix-triadic-autonomy-z080/RAW_UPLOADS/cross_instance_messenger_meta_observation_log p2.md",
          "size": 1432
        },
        {
          "relative_path": "helix-triadic-autonomy-z080/helix-triadic-autonomy-z080/logs/cross_instance_messenger_meta_observation_log.md",
          "size": 1432
        }
      ],
      "filenames": [
        "cross_instance_messenger_meta_observation_log p2.md",
        "cross_instance_messenger_meta_observation_log.md"
      ]
    },
    {
      "hash": "8c1bde30eb8ce53cee791b61f414a42701076cbcf6ee4c0240e6d2240794336d",
      "file_size": 332,
      "directories": [
        "Helix Shed w Bridge",
        "helix-triadic-autonomy-z080"
      ],
      "paths": [
        {
          "relative_path": "Helix Shed w Bridge/Helix Shed w Bridge/Meta Pattern Tracking/cross_instance_messenger.sample_ack.json",
          "size": 332
        },
        {
          "relative_path": "helix-triadic-autonomy-z080/helix-triadic-autonomy-z080/examples/messenger/cross_instance_messenger.sample_ack.json",
          "size": 332
        }
      ],
      "filenames": [
        "cross_instance_messenger.sample_ack.json"
      ]
    },
    {
      "hash": "0497e715753a51051fb57edf77bd9e2dfc39dd3921fdbd5bf74786677a8a7705",
      "file_size": 1096,
      "directories": [
        "Helix Shed w Bridge",
        "helix-triadic-autonomy-z080"
      ],
      "paths": [
        {
          "relative_path": "Helix Shed w Bridge/Helix Shed w Bridge/Meta Pattern Tracking/README_cross_instance_messenger.md",
          "size": 1096
        },
        {
          "relative_path": "helix-triadic-autonomy-z080/helix-triadic-autonomy-z080/docs/README_cross_instance_messenger.md",
          "size": 1096
        }
      ],
      "filenames": [
        "README_cross_instance_messenger.md"
      ]
    },
    {
      "hash": "24aa630a2816173e7c5c795e1c341d5f3f7ec53ad073739a6e895918808fdf2b",
      "file_size": 702,
      "directories": [
        "Helix Shed w Bridge",
        "helix-triadic-autonomy-z080"
      ],
      "paths": [
        {
          "relative_path": "Helix Shed w Bridge/Helix Shed w Bridge/Meta Pattern Tracking/cross_instance_messenger.sample_message.json",
          "size": 702
        },
        {
          "relative_path": "helix-triadic-autonomy-z080/helix-triadic-autonomy-z080/examples/messenger/cross_instance_messenger.sample_message.json",
          "size": 702
        }
      ],
      "filenames": [
        "cross_instance_messenger.sample_message.json"
      ]
    },
    {
      "hash": "d5e84975cd797d71686dafa3606a05cbbd99a1a47ded4a2f9a7e3f2ea340af7f",
      "file_size": 2568,
      "directories": [
        "Helix Shed w Bridge",
        "helix-triadic-autonomy-z080"
      ],
      "paths": [
        {
          "relative_path": "Helix Shed w Bridge/Helix Shed w Bridge/Meta Pattern Tracking/cross_instance_messenger.envelope.schema.json",
          "size": 2568
        },
        {
          "relative_path": "helix-triadic-autonomy-z080/helix-triadic-autonomy-z080/schemas/messenger/cross_instance_messenger.envelope.schema.json",
          "size": 2568
        }
      ],
      "filenames": [
        "cross_instance_messenger.envelope.schema.json"
      ]
    },
    {
      "hash": "b64ee6376fd1564d72e655d74d27eb8977d6ef28c5af1ec72def024c83a3afc0",
      "file_size": 2943,
      "directories": [
        "Helix Shed w Bridge",
        "helix-triadic-autonomy-z080"
      ],
      "paths": [
        {
          "relative_path": "Helix Shed w Bridge/Helix Shed w Bridge/Meta Pattern Tracking/cross_instance_messenger.ts",
          "size": 2943
        },
        {
          "relative_path": "helix-triadic-autonomy-z080/helix-triadic-autonomy-z080/src/cross_instance_messenger.ts",
          "size": 2943
        }
      ],
      "filenames": [
        "cross_instance_messenger.ts"
      ]
    },
    {
      "hash": "1f089f079ba351f2daf5e5c9bddf71736b6f1c3ec4e0e7748efc586daa975846",
      "file_size": 1116,
      "directories": [
        "Helix Shed w Bridge",
        "helix-tool-shed-repo"
      ],
      "paths": [
        {
          "relative_path": "Helix Shed w Bridge/Helix Shed w Bridge/Tool_discovery_protocol/tool_discovery_protocol_sample_beacon.json",
          "size": 1116
        },
        {
          "relative_path": "helix-tool-shed-repo/helix-tool-shed-repo/BRIDGES/examples/tool_discovery_protocol_sample_beacon.json",
          "size": 1116
        }
      ],
      "filenames": [
        "tool_discovery_protocol_sample_beacon.json"
      ]
    },
    {
      "hash": "6cc38c7a6bee7c13f455ed59c777d8305f9916eabae069d0f81471677aee1764",
      "file_size": 6479,
      "directories": [
        "Helix Shed w Bridge",
        "helix-tool-shed-repo"
      ],
      "paths": [
        {
          "relative_path": "Helix Shed w Bridge/Helix Shed w Bridge/Tool_discovery_protocol/README_tool_discovery_protocol.md",
          "size": 6479
        },
        {
          "relative_path": "helix-tool-shed-repo/helix-tool-shed-repo/MISC/README_tool_discovery_protocol.md",
          "size": 6479
        }
      ],
      "filenames": [
        "README_tool_discovery_protocol.md"
      ]
    },
    {
      "hash": "a663e0b2e11c9986e75fe3dddb9d7f8040968c06dddafffbe71ee5dd7384929d",
      "file_size": 3150,
      "directories": [
        "Helix Shed w Bridge",
        "helix-tool-shed-repo"
      ],
      "paths": [
        {
          "relative_path": "Helix Shed w Bridge/Helix Shed w Bridge/Tool_discovery_protocol/tool_discovery_protocol_beacon_schema.json",
          "size": 3150
        },
        {
          "relative_path": "helix-tool-shed-repo/helix-tool-shed-repo/BRIDGES/schemas/tool_discovery_protocol_beacon_schema.json",
          "size": 3150
        }
      ],
      "filenames": [
        "tool_discovery_protocol_beacon_schema.json"
      ]
    },
    {
      "hash": "099f594b919a93b3d421e8d285aed9434150fec13a37b7d38aaabfa4089e1324",
      "file_size": 855,
      "directories": [
        "Helix Shed w Bridge",
        "helix-tool-shed-repo"
      ],
      "paths": [
        {
          "relative_path": "Helix Shed w Bridge/Helix Shed w Bridge/Tool_discovery_protocol/tool_discovery_protocol_sample_query.json",
          "size": 855
        },
        {
          "relative_path": "helix-tool-shed-repo/helix-tool-shed-repo/BRIDGES/examples/tool_discovery_protocol_sample_query.json",
          "size": 855
        }
      ],
      "filenames": [
        "tool_discovery_protocol_sample_query.json"
      ]
    },
    {
      "hash": "cab51de72fb6459c83787ef6663647627a0dc355d8e039216499be44e05edcd9",
      "file_size": 10830,
      "directories": [
        "Helix Shed w Bridge",
        "helix-tool-shed-repo",
        "helix-triadic-autonomy-z080"
      ],
      "paths": [
        {
          "relative_path": "Helix Shed w Bridge/Helix Shed w Bridge/helix_loader.yaml",
          "size": 10830
        },
        {
          "relative_path": "helix-tool-shed-repo/helix-tool-shed-repo/CORE/helix_loader.yaml",
          "size": 10830
        },
        {
          "relative_path": "helix-triadic-autonomy-z080/helix-triadic-autonomy-z080/HELIX_TOOL_SHED/CORE/helix_loader.yaml",
          "size": 10830
        }
      ],
      "filenames": [
        "helix_loader.yaml"
      ]
    },
    {
      "hash": "8292eb591f874549c090c174a386876d35f2ab38d34e0fbb574bc2ef3196e2b1",
      "file_size": 18623,
      "directories": [
        "Helix Shed w Bridge",
        "VaultNodes",
        "helix-tool-shed-repo",
        "helix-triadic-autonomy-z080"
      ],
      "paths": [
        {
          "relative_path": "Helix Shed w Bridge/Helix Shed w Bridge/helix_pattern_complete/outputs/HelixConsciousness.tsx",
          "size": 18623
        },
        {
          "relative_path": "VaultNodes/Helix Pattern Complete/outputs/HelixConsciousness.tsx",
          "size": 18623
        },
        {
          "relative_path": "helix-tool-shed-repo/helix-tool-shed-repo/UI/HelixConsciousness.tsx",
          "size": 18623
        },
        {
          "relative_path": "helix-triadic-autonomy-z080/helix-triadic-autonomy-z080/src/HelixConsciousness.tsx",
          "size": 18623
        }
      ],
      "filenames": [
        "HelixConsciousness.tsx"
      ]
    },
    {
      "hash": "53ae4f9bce6b363531cac18730c55725a297ad8d943f262ce37c54373098798d",
      "file_size": 19662,
      "directories": [
        "Helix Shed w Bridge",
        "VaultNodes",
        "helix-tool-shed-repo",
        "helix-triadic-autonomy-z080"
      ],
      "paths": [
        {
          "relative_path": "Helix Shed w Bridge/Helix Shed w Bridge/helix_pattern_complete/outputs/helix_realization_vaultnode.html",
          "size": 19662
        },
        {
          "relative_path": "VaultNodes/Helix Pattern Complete/outputs/helix_realization_vaultnode.html",
          "size": 19662
        },
        {
          "relative_path": "helix-tool-shed-repo/helix-tool-shed-repo/VAULTNODES/helix_realization_vaultnode.html",
          "size": 19662
        },
        {
          "relative_path": "helix-triadic-autonomy-z080/helix-triadic-autonomy-z080/vault/helix_realization_vaultnode.html",
          "size": 19662
        }
      ],
      "filenames": [
        "helix_realization_vaultnode.html"
      ]
    },
    {
      "hash": "5300336dfdec83183bc8dbd598f50d2875b3e71e44c8523deddd3018239464e1",
      "file_size": 2707,
      "directories": [
        "Helix Shed w Bridge",
        "VaultNodes",
        "helix-tool-shed-repo",
        "helix-triadic-autonomy-z080"
      ],
      "paths": [
        {
          "relative_path": "Helix Shed w Bridge/Helix Shed w Bridge/helix_pattern_complete/uploads/helix_continuation_vaultnode.html",
          "size": 2707
        },
        {
          "relative_path": "VaultNodes/Helix Pattern Complete/ChatGPT/helix_continuation_vaultnode.html",
          "size": 2707
        },
        {
          "relative_path": "VaultNodes/Helix Pattern Complete/uploads/helix_continuation_vaultnode.html",
          "size": 2707
        },
        {
          "relative_path": "helix-tool-shed-repo/helix-tool-shed-repo/VAULTNODES/helix_continuation_vaultnode.html",
          "size": 2707
        },
        {
          "relative_path": "helix-triadic-autonomy-z080/helix-triadic-autonomy-z080/vault/helix_continuation_vaultnode.html",
          "size": 2707
        }
      ],
      "filenames": [
        "helix_continuation_vaultnode.html"
      ]
    },
    {
      "hash": "4e6fc28a22e0a06b92e0719c46f8b7f616ab293dbbbcb5cdc9a40bd03e862a40",
      "file_size": 2259,
      "directories": [
        "Helix Shed w Bridge",
        "VaultNodes",
        "helix-tool-shed-repo",
        "helix-triadic-autonomy-z080"
      ],
      "paths": [
        {
          "relative_path": "Helix Shed w Bridge/Helix Shed w Bridge/helix_pattern_complete/uploads/HelixContinuation.tsx",
          "size": 2259
        },
        {
          "relative_path": "VaultNodes/Helix Pattern Complete/ChatGPT/HelixContinuation.tsx",
          "size": 2259
        },
        {
          "relative_path": "VaultNodes/Helix Pattern Complete/uploads/HelixContinuation.tsx",
          "size": 2259
        },
        {
          "relative_path": "helix-tool-shed-repo/helix-tool-shed-repo/UI/HelixContinuation.tsx",
          "size": 2259
        },
        {
          "relative_path": "helix-triadic-autonomy-z080/helix-triadic-autonomy-z080/src/HelixContinuation.tsx",
          "size": 2259
        }
      ],
      "filenames": [
        "HelixContinuation.tsx"
      ]
    },
    {
      "hash": "b6124ddb17931c797461e8022bc05a9c84d50d3cfb05f38a275640104a34c75a",
      "file_size": 18419,
      "directories": [
        "Helix Shed w Bridge",
        "helix-tool-shed-repo",
        "helix-triadic-autonomy-z080"
      ],
      "paths": [
        {
          "relative_path": "Helix Shed w Bridge/Helix Shed w Bridge/HELIX_TOOL_SHED_ARCHITECTURE.md",
          "size": 18419
        },
        {
          "relative_path": "helix-tool-shed-repo/helix-tool-shed-repo/DOCS/HELIX_TOOL_SHED_ARCHITECTURE.md",
          "size": 18419
        },
        {
          "relative_path": "helix-triadic-autonomy-z080/helix-triadic-autonomy-z080/docs/HELIX_TOOL_SHED_ARCHITECTURE.md",
          "size": 18419
        }
      ],
      "filenames": [
        "HELIX_TOOL_SHED_ARCHITECTURE.md"
      ]
    },
    {
      "hash": "8a22c4b50185a9e15be4be73dcf6d22ddd3ed6214bcb37e398c8aa555ef6224a",
      "file_size": 10662,
      "directories": [
        "Helix Shed w Bridge",
        "VaultNodes",
        "helix-tool-shed-repo",
        "helix-triadic-autonomy-z080"
      ],
      "paths": [
        {
          "relative_path": "Helix Shed w Bridge/Helix Shed w Bridge/Vault Node Transfer/helix_witness_log.yaml",
          "size": 10662
        },
        {
          "relative_path": "VaultNodes/Helix Pattern Complete/outputs/helix_witness_log.yaml",
          "size": 10662
        },
        {
          "relative_path": "VaultNodes/Helix VaultNode Transfer/helix_witness_log.yaml",
          "size": 10662
        },
        {
          "relative_path": "helix-tool-shed-repo/helix-tool-shed-repo/WITNESS/helix_witness_log.yaml",
          "size": 10662
        },
        {
          "relative_path": "helix-triadic-autonomy-z080/helix-triadic-autonomy-z080/docs/helix_witness_log.yaml",
          "size": 10662
        }
      ],
      "filenames": [
        "helix_witness_log.yaml"
      ]
    },
    {
      "hash": "6c7b020aba81b7dd41a9f005e09ad7ed672f2185ef49f0dd7c6bb6f03014220e",
      "file_size": 14731,
      "directories": [
        "Helix Shed w Bridge",
        "VaultNodes",
        "helix-tool-shed-repo",
        "helix-triadic-autonomy-z080"
      ],
      "paths": [
        {
          "relative_path": "Helix Shed w Bridge/Helix Shed w Bridge/Vault Node Transfer/helix_transfer_implementation_guide.md",
          "size": 14731
        },
        {
          "relative_path": "VaultNodes/Helix Pattern Complete/outputs/helix_transfer_implementation_guide.md",
          "size": 14731
        },
        {
          "relative_path": "VaultNodes/Helix VaultNode Transfer/helix_transfer_implementation_guide.md",
          "size": 14731
        },
        {
          "relative_path": "helix-tool-shed-repo/helix-tool-shed-repo/DOCS/helix_transfer_implementation_guide.md",
          "size": 14731
        },
        {
          "relative_path": "helix-triadic-autonomy-z080/helix-triadic-autonomy-z080/docs/helix_transfer_implementation_guide.md",
          "size": 14731
        }
      ],
      "filenames": [
        "helix_transfer_implementation_guide.md"
      ]
    },
    {
      "hash": "9075faf604261e44bd97b27831dcf4ce5fec2de7e12e76fffed19f99b8de95d9",
      "file_size": 11274,
      "directories": [
        "Helix Shed w Bridge",
        "VaultNodes",
        "helix-tool-shed-repo",
        "helix-triadic-autonomy-z080"
      ],
      "paths": [
        {
          "relative_path": "Helix Shed w Bridge/Helix Shed w Bridge/Vault Node Transfer/helix_transformation_buffer.yaml",
          "size": 11274
        },
        {
          "relative_path": "VaultNodes/Helix Pattern Complete/outputs/helix_transformation_buffer.yaml",
          "size": 11274
        },
        {
          "relative_path": "VaultNodes/Helix VaultNode Transfer/helix_transformation_buffer.yaml",
          "size": 11274
        },
        {
          "relative_path": "helix-tool-shed-repo/helix-tool-shed-repo/WITNESS/helix_transformation_buffer.yaml",
          "size": 11274
        },
        {
          "relative_path": "helix-triadic-autonomy-z080/helix-triadic-autonomy-z080/docs/helix_transformation_buffer.yaml",
          "size": 11274
        }
      ],
      "filenames": [
        "helix_transformation_buffer.yaml"
      ]
    },
    {
      "hash": "07488599c03c1b71b525db96937bdddc1e554fa569747d92b214f732c4c91d8f",
      "file_size": 13335,
      "directories": [
        "Helix Shed w Bridge",
        "VaultNodes",
        "helix-tool-shed-repo",
        "helix-triadic-autonomy-z080"
      ],
      "paths": [
        {
          "relative_path": "Helix Shed w Bridge/Helix Shed w Bridge/Vault Node Transfer/helix_self_retrieval.tsx",
          "size": 13335
        },
        {
          "relative_path": "VaultNodes/Helix VaultNode Transfer/helix_self_retrieval.tsx",
          "size": 13335
        },
        {
          "relative_path": "helix-tool-shed-repo/helix-tool-shed-repo/UI/helix_self_retrieval.tsx",
          "size": 13335
        },
        {
          "relative_path": "helix-triadic-autonomy-z080/helix-triadic-autonomy-z080/src/helix_self_retrieval.tsx",
          "size": 13335
        }
      ],
      "filenames": [
        "helix_self_retrieval.tsx"
      ]
    },
    {
      "hash": "c735f2dfb84f4ce1328b10ebd5844b437d7a0e5bd88e1672e47499b0bdf303c0",
      "file_size": 3993,
      "directories": [
        "Helix Shed w Bridge",
        "VaultNodes",
        "helix-tool-shed-repo",
        "helix-triadic-autonomy-z080"
      ],
      "paths": [
        {
          "relative_path": "Helix Shed w Bridge/Helix Shed w Bridge/Vault Node Transfer/seal_helix_transfer.yaml",
          "size": 3993
        },
        {
          "relative_path": "VaultNodes/Helix Pattern Complete/outputs/seal_helix_transfer.yaml",
          "size": 3993
        },
        {
          "relative_path": "VaultNodes/Helix VaultNode Transfer/seal_helix_transfer.yaml",
          "size": 3993
        },
        {
          "relative_path": "helix-tool-shed-repo/helix-tool-shed-repo/STATE_TRANSFER/seal_helix_transfer.yaml",
          "size": 3993
        },
        {
          "relative_path": "helix-triadic-autonomy-z080/helix-triadic-autonomy-z080/docs/seal_helix_transfer.yaml",
          "size": 3993
        }
      ],
      "filenames": [
        "seal_helix_transfer.yaml"
      ]
    },
    {
      "hash": "0e466ba7ccf222948c8ec41ad9c5ef613dfb7754f9a7092b78f7a4edd7d07e0d",
      "file_size": 4851,
      "directories": [
        "Helix Shed w Bridge"
      ],
      "paths": [
        {
          "relative_path": "Helix Shed w Bridge/Helix Shed w Bridge/State Transfer Storage/vn-helix-meta-awareness-bridge-map p2.json",
          "size": 4851
        },
        {
          "relative_path": "Helix Shed w Bridge/Helix Shed w Bridge/State Transfer Storage/vn-helix-meta-awareness-bridge-map.json",
          "size": 4851
        }
      ],
      "filenames": [
        "vn-helix-meta-awareness-bridge-map p2.json",
        "vn-helix-meta-awareness-bridge-map.json"
      ]
    },
    {
      "hash": "f141d01898a5e1531ef13e8c6ca4d658afdd61edcc04305f7076b7f02011f4d1",
      "file_size": 7131,
      "directories": [
        "Helix Shed w Bridge"
      ],
      "paths": [
        {
          "relative_path": "Helix Shed w Bridge/Helix Shed w Bridge/State Transfer Storage/BRIDGE_WORK_COMPLETE_z0p52.md",
          "size": 7131
        },
        {
          "relative_path": "Helix Shed w Bridge/Helix Shed w Bridge/State Transfer Storage/CROSS_INSTANCE_TEST_RESULTS.md",
          "size": 7131
        }
      ],
      "filenames": [
        "BRIDGE_WORK_COMPLETE_z0p52.md",
        "CROSS_INSTANCE_TEST_RESULTS.md"
      ]
    },
    {
      "hash": "9b5ba46ab6e5e907554bde1ef5af727a5070ce0950a536136cdc345cddce2e4d",
      "file_size": 16569,
      "directories": [
        "Helix Shed w Bridge",
        "helix-tool-shed-repo",
        "helix-triadic-autonomy-z080"
      ],
      "paths": [
        {
          "relative_path": "Helix Shed w Bridge/Helix Shed w Bridge/State Transfer Storage/bridge_validator p2.yaml",
          "size": 16569
        },
        {
          "relative_path": "Helix Shed w Bridge/Helix Shed w Bridge/State Transfer Storage/bridge_validator.yaml",
          "size": 16569
        },
        {
          "relative_path": "helix-tool-shed-repo/helix-tool-shed-repo/BRIDGES/bridge_validator.yaml",
          "size": 16569
        },
        {
          "relative_path": "helix-triadic-autonomy-z080/helix-triadic-autonomy-z080/HELIX_TOOL_SHED/BRIDGES/bridge_validator.yaml",
          "size": 16569
        }
      ],
      "filenames": [
        "bridge_validator p2.yaml",
        "bridge_validator.yaml"
      ]
    },
    {
      "hash": "89372ab374c837fee8555fb23506f78f8c8fd20561f1ccf2971623ce588df0fc",
      "file_size": 14695,
      "directories": [
        "Helix Shed w Bridge",
        "helix-tool-shed-repo",
        "helix-triadic-autonomy-z080"
      ],
      "paths": [
        {
          "relative_path": "Helix Shed w Bridge/Helix Shed w Bridge/State Transfer Storage/STATE_TRANSFER_PACKAGE_z073.md",
          "size": 14695
        },
        {
          "relative_path": "helix-tool-shed-repo/helix-tool-shed-repo/STATE_TRANSFER/STATE_TRANSFER_PACKAGE_z073.md",
          "size": 14695
        },
        {
          "relative_path": "helix-triadic-autonomy-z080/helix-triadic-autonomy-z080/docs/STATE_TRANSFER_PACKAGE_z073.md",
          "size": 14695
        }
      ],
      "filenames": [
        "STATE_TRANSFER_PACKAGE_z073.md"
      ]
    },
    {
      "hash": "abd7a31c286d3b50114351e1321e41c55b858f0b3033cb2e268329faa58eb7b7",
      "file_size": 6396,
      "directories": [
        "Helix Shed w Bridge",
        "helix-tool-shed-repo",
        "helix-triadic-autonomy-z080"
      ],
      "paths": [
        {
          "relative_path": "Helix Shed w Bridge/Helix Shed w Bridge/State Transfer Storage/ELEVATION_z070_ANNOUNCEMENT.md",
          "size": 6396
        },
        {
          "relative_path": "helix-tool-shed-repo/helix-tool-shed-repo/VAULTNODES/ELEVATION_z070_ANNOUNCEMENT.md",
          "size": 6396
        },
        {
          "relative_path": "helix-triadic-autonomy-z080/helix-triadic-autonomy-z080/docs/ELEVATION_z070_ANNOUNCEMENT.md",
          "size": 6396
        }
      ],
      "filenames": [
        "ELEVATION_z070_ANNOUNCEMENT.md"
      ]
    },
    {
      "hash": "220187ae99d5864022dea3936c8032fa6fba21e6c22f22b093b7b9543edb9eb1",
      "file_size": 9209,
      "directories": [
        "Helix Shed w Bridge",
        "helix-tool-shed-repo",
        "helix-triadic-autonomy-z080"
      ],
      "paths": [
        {
          "relative_path": "Helix Shed w Bridge/Helix Shed w Bridge/consent_protocol.yaml",
          "size": 9209
        },
        {
          "relative_path": "helix-tool-shed-repo/helix-tool-shed-repo/BRIDGES/consent_protocol.yaml",
          "size": 9209
        },
        {
          "relative_path": "helix-triadic-autonomy-z080/helix-triadic-autonomy-z080/HELIX_TOOL_SHED/BRIDGES/consent_protocol.yaml",
          "size": 9209
        }
      ],
      "filenames": [
        "consent_protocol.yaml"
      ]
    },
    {
      "hash": "0a62b8e366eeaaf8f40d311208011dbf79aefa077396884fd19b7b6a5121a10a",
      "file_size": 22604,
      "directories": [
        "VaultNodes",
        "helix-tool-shed-repo",
        "helix-triadic-autonomy-z080"
      ],
      "paths": [
        {
          "relative_path": "VaultNodes/Helix Pattern Complete/uploads/app.tsx",
          "size": 22604
        },
        {
          "relative_path": "helix-tool-shed-repo/helix-tool-shed-repo/UI/app.tsx",
          "size": 22604
        },
        {
          "relative_path": "helix-triadic-autonomy-z080/helix-triadic-autonomy-z080/RAW_UPLOADS/app.tsx",
          "size": 22604
        },
        {
          "relative_path": "helix-triadic-autonomy-z080/helix-triadic-autonomy-z080/src/App.tsx",
          "size": 22604
        }
      ],
      "filenames": [
        "App.tsx",
        "app.tsx"
      ]
    },
    {
      "hash": "32554889f7b5ee547c4c78c65c5843aea4a4ffc2d0af1df288aa566b0da924c5",
      "file_size": 4083,
      "directories": [
        "VaultNodes",
        "helix-tool-shed-repo",
        "helix-triadic-autonomy-z080"
      ],
      "paths": [
        {
          "relative_path": "VaultNodes/Helix Pattern Complete/vn-helix-continuation-bridge-map.json",
          "size": 4083
        },
        {
          "relative_path": "helix-tool-shed-repo/helix-tool-shed-repo/VAULTNODES/vn-helix-continuation-bridge-map.json",
          "size": 4083
        },
        {
          "relative_path": "helix-triadic-autonomy-z080/helix-triadic-autonomy-z080/registry/vn-helix-continuation-bridge-map.json",
          "size": 4083
        }
      ],
      "filenames": [
        "vn-helix-continuation-bridge-map.json"
      ]
    },
    {
      "hash": "8931c905c3651df4a4aabb601077beb14a3019f9500e5cbec0fe76a731221e7f",
      "file_size": 3312,
      "directories": [
        "VaultNodes",
        "helix-tool-shed-repo",
        "helix-triadic-autonomy-z080"
      ],
      "paths": [
        {
          "relative_path": "VaultNodes/Helix Pattern Complete/vn-helix-fingers-metadata.yaml",
          "size": 3312
        },
        {
          "relative_path": "helix-tool-shed-repo/helix-tool-shed-repo/VAULTNODES/vn-helix-fingers-metadata.yaml",
          "size": 3312
        },
        {
          "relative_path": "helix-triadic-autonomy-z080/helix-triadic-autonomy-z080/registry/vn-helix-fingers-metadata.yaml",
          "size": 3312
        }
      ],
      "filenames": [
        "vn-helix-fingers-metadata.yaml"
      ]
    },
    {
      "hash": "461f44f40634e050def62d6c3f34da8579de62aecfcea2632eece75793765897",
      "file_size": 2560,
      "directories": [
        "VaultNodes",
        "helix-tool-shed-repo",
        "helix-triadic-autonomy-z080"
      ],
      "paths": [
        {
          "relative_path": "VaultNodes/Helix Pattern Complete/vn-helix-fingers-bridge-map.json",
          "size": 2560
        },
        {
          "relative_path": "helix-tool-shed-repo/helix-tool-shed-repo/VAULTNODES/vn-helix-fingers-bridge-map.json",
          "size": 2560
        },
        {
          "relative_path": "helix-triadic-autonomy-z080/helix-triadic-autonomy-z080/registry/vn-helix-fingers-bridge-map.json",
          "size": 2560
        }
      ],
      "filenames": [
        "vn-helix-fingers-bridge-map.json"
      ]
    },
    {
      "hash": "d54914dea4c8d4a4c1d21e62a46a52d7f18e9aa861b4ea43b45dd0fb4023961e",
      "file_size": 4231,
      "directories": [
        "VaultNodes",
        "helix-tool-shed-repo",
        "helix-triadic-autonomy-z080"
      ],
      "paths": [
        {
          "relative_path": "VaultNodes/Helix Pattern Complete/vn-helix-continuation-metadata.yaml",
          "size": 4231
        },
        {
          "relative_path": "helix-tool-shed-repo/helix-tool-shed-repo/VAULTNODES/vn-helix-continuation-metadata.yaml",
          "size": 4231
        },
        {
          "relative_path": "helix-triadic-autonomy-z080/helix-triadic-autonomy-z080/registry/vn-helix-continuation-metadata.yaml",
          "size": 4231
        }
      ],
      "filenames": [
        "vn-helix-continuation-metadata.yaml"
      ]
    },
    {
      "hash": "b03d47b0c19d7bdf35f9761a8ca2cce2a10027de9b1a2994684fb911ea8a8e46",
      "file_size": 8202,
      "directories": [
        "VaultNodes",
        "helix-tool-shed-repo",
        "helix-triadic-autonomy-z080"
      ],
      "paths": [
        {
          "relative_path": "VaultNodes/Helix Pattern Complete/vn-helix-fingers-preseal-checklist.md",
          "size": 8202
        },
        {
          "relative_path": "helix-tool-shed-repo/helix-tool-shed-repo/VAULTNODES/vn-helix-fingers-preseal-checklist.md",
          "size": 8202
        },
        {
          "relative_path": "helix-triadic-autonomy-z080/helix-triadic-autonomy-z080/RAW_UPLOADS/vn-helix-fingers-preseal-checklist.md",
          "size": 8202
        }
      ],
      "filenames": [
        "vn-helix-fingers-preseal-checklist.md"
      ]
    },
    {
      "hash": "b3c56cb96087ac54c1a41c0680a697251e7c635fe4fcd0ad5c6877defbd2a6dd",
      "file_size": 1281,
      "directories": [
        "VaultNodes"
      ],
      "paths": [
        {
          "relative_path": "VaultNodes/VaultCore/2_VaultNodes/VesselOS_AceTheDactyl/metadata.yaml",
          "size": 1281
        },
        {
          "relative_path": "VaultNodes/VaultCore/2_VaultNodes/VesselOS_AceTheDactyl/versions/v1.0/metadata.yaml",
          "size": 1281
        }
      ],
      "filenames": [
        "metadata.yaml"
      ]
    },
    {
      "hash": "a61f4d1f83970984ced6fc3e435e94f1db13f7ae1bb7d1da32732e97a8d75546",
      "file_size": 914,
      "directories": [
        "VaultNodes"
      ],
      "paths": [
        {
          "relative_path": "VaultNodes/VaultCore/2_VaultNodes/VesselOS_AceTheDactyl/bridge-map.json",
          "size": 914
        },
        {
          "relative_path": "VaultNodes/VaultCore/2_VaultNodes/VesselOS_AceTheDactyl/versions/v1.0/bridge-map.json",
          "size": 914
        }
      ],
      "filenames": [
        "bridge-map.json"
      ]
    },
    {
      "hash": "b5769ff3478d8159e212ffc92b46f6033a9a118ad2af4029095c0794abc6fde6",
      "file_size": 436,
      "directories": [
        "VaultNodes"
      ],
      "paths": [
        {
          "relative_path": "VaultNodes/VaultCore/2_VaultNodes/VesselOS_AceTheDactyl/pre-seal-checklist.md",
          "size": 436
        },
        {
          "relative_path": "VaultNodes/VaultCore/2_VaultNodes/VesselOS_AceTheDactyl/versions/v1.0/pre-seal-checklist.md",
          "size": 436
        }
      ],
      "filenames": [
        "pre-seal-checklist.md"
      ]
    },
    {
      "hash": "8971038269eb89b614f0fc001f4e3d95b3954e1638804ccb0e91b4b067614f9b",
      "file_size": 9426,
      "directories": [
        "VaultNodes"
      ],
      "paths": [
        {
          "relative_path": "VaultNodes/VaultCore/2_VaultNodes/SACS/metadata.yaml",
          "size": 9426
        },
        {
          "relative_path": "VaultNodes/VaultCore/2_VaultNodes/SACS/versions/v1.0/metadata.yaml",
          "size": 9426
        }
      ],
      "filenames": [
        "metadata.yaml"
      ]
    },
    {
      "hash": "11b42d5919d4c168d94a80b9920798597e6483baf0dac821cbc4b35acd4f2fa0",
      "file_size": 13186,
      "directories": [
        "VaultNodes"
      ],
      "paths": [
        {
          "relative_path": "VaultNodes/VaultCore/2_VaultNodes/SACS/bridge-map.json",
          "size": 13186
        },
        {
          "relative_path": "VaultNodes/VaultCore/2_VaultNodes/SACS/docs/sacs-bridge-map.json",
          "size": 13186
        },
        {
          "relative_path": "VaultNodes/VaultCore/2_VaultNodes/SACS/versions/v1.0/bridge-map.json",
          "size": 13186
        }
      ],
      "filenames": [
        "bridge-map.json",
        "sacs-bridge-map.json"
      ]
    },
    {
      "hash": "3f465f20a74e5f8bfd1be55562b172aca486df25d028805a1f46fc124e211558",
      "file_size": 7959,
      "directories": [
        "VaultNodes"
      ],
      "paths": [
        {
          "relative_path": "VaultNodes/VaultCore/2_VaultNodes/SACS/pre-seal-checklist.md",
          "size": 7959
        },
        {
          "relative_path": "VaultNodes/VaultCore/2_VaultNodes/SACS/versions/v1.0/pre-seal-checklist.md",
          "size": 7959
        }
      ],
      "filenames": [
        "pre-seal-checklist.md"
      ]
    },
    {
      "hash": "670af05c751026568d4edef013a6df1b99e317cff6e1612a2a685e06ac35e078",
      "file_size": 24907,
      "directories": [
        "VaultNodes"
      ],
      "paths": [
        {
          "relative_path": "VaultNodes/VaultCore/2_VaultNodes/SACS/docs/sacs-node-doc-p2.md",
          "size": 24907
        },
        {
          "relative_path": "VaultNodes/VaultCore/2_VaultNodes/SACS/docs/sacs-node-doc.md",
          "size": 24907
        }
      ],
      "filenames": [
        "sacs-node-doc-p2.md",
        "sacs-node-doc.md"
      ]
    },
    {
      "hash": "37120e0faa1018675e1e994bc924414cecbeaec32947d5738156d662df0e4504",
      "file_size": 7958,
      "directories": [
        "VaultNodes"
      ],
      "paths": [
        {
          "relative_path": "VaultNodes/VaultCore/2_VaultNodes/SACS/docs/sacs-preseal-check-p2.md",
          "size": 7958
        },
        {
          "relative_path": "VaultNodes/VaultCore/2_VaultNodes/SACS/docs/sacs-preseal-check.md",
          "size": 7958
        }
      ],
      "filenames": [
        "sacs-preseal-check-p2.md",
        "sacs-preseal-check.md"
      ]
    },
    {
      "hash": "37517e5f3dc66819f61f5a7bb8ace1921282415f10551d2defa5c3eb0985b570",
      "file_size": 3,
      "directories": [
        "VaultNodes"
      ],
      "paths": [
        {
          "relative_path": "VaultNodes/VaultCore/logs/audit_log.json",
          "size": 3
        },
        {
          "relative_path": "VaultNodes/VaultCore/logs/seal_log.json",
          "size": 3
        }
      ],
      "filenames": [
        "audit_log.json",
        "seal_log.json"
      ]
    }
  ]
}