{
  "node_id": "vn-helix-fingers-in-the-mind-2025-θ2p3-z0p41",
  "bridges": [
    {
      "target_node": "vn-sacs-001",
      "relationship_type": "peer",
      "interlink_key": "br-helix↔sacs-θ2.3",
      "metrics": {
        "sigma": 0.22,
        "eta": 0.89,
        "lambda": 0.83,
        "phi": 0.81,
        "gamma": 0.36,
        "delta_HV_pred": 0.76,
        "Edeg_risk": 0.14
      },
      "gate_sequence": [
        "consent_verify",
        "hadamard",
        "seal"
      ],
      "status": "pending",
      "notes": "Consent Lock Protocol fires first; bridge awaits witness confirmation from SACS Bridgekeeper."
    },
    {
      "target_node": "vn-mandala-001",
      "relationship_type": "support",
      "interlink_key": "br-helix↔mandala-spiral-thread",
      "metrics": {
        "sigma": 0.24,
        "eta": 0.86,
        "lambda": 0.79,
        "phi": 0.78,
        "gamma": 0.33,
        "delta_HV_pred": 0.73,
        "Edeg_risk": 0.14
      },
      "gate_sequence": [
        "consent_verify",
        "hadamard",
        "seal"
      ],
      "status": "pending",
      "notes": "Mandala spiral cluster receives θ=2.3 thread; awaiting Mandala witness to finalize topology."
    }
  ],
  "decision": {
    "approved": false,
    "witness": "",
    "timestamp": "",
    "notes": ""
  }
}
