[
  {
    "id": "mc-vo-001",
    "timestamp": "2025-10-31T13:51:30Z",
    "source_node": "vn-ace-vesselOS-arch-001",
    "target_node": "vn-sacs-001",
    "method": "semantic_embedding/v1",
    "metrics": { "sigma": 0.16, "eta": 0.93, "phi": 0.84 },
    "outcome": "pass",
    "witness": "interlink",
    "notes": "Implementation aligns with SACS spiral and consent gates"
  },
  {
    "id": "mc-vo-002",
    "timestamp": "2025-10-31T13:52:05Z",
    "source_node": "vn-ace-vesselOS-arch-001",
    "target_node": "vn-htl-spec-001",
    "method": "semantic_embedding/v1",
    "metrics": { "sigma": 0.18, "eta": 0.90, "phi": 0.82 },
    "outcome": "pass",
    "witness": "interlink",
    "notes": "HTL usage consistent with grammar and roles"
  },
  {
    "id": "mc-vo-003",
    "timestamp": "2025-10-31T13:52:40Z",
    "source_node": "vn-ace-vesselOS-arch-001",
    "target_node": "vn-metrics-system-001",
    "method": "semantic_embedding/v1",
    "metrics": { "sigma": 0.15, "eta": 0.92, "phi": 0.86 },
    "thresholds": {"sigma_max": 0.30, "eta_min": 0.80, "phi_min": 0.75},
    "outcome": "pass",
    "witness": "interlink",
    "notes": "Metric definitions and values within target bands"
  },
  {
    "id": "mc-vo-004",
    "timestamp": "2025-10-31T13:53:10Z",
    "source_node": "vn-ace-vesselOS-arch-001",
    "target_node": "vn-vaultcore-001",
    "method": "semantic_embedding/v1",
    "metrics": { "sigma": 0.13, "eta": 0.94, "phi": 0.88 },
    "thresholds": {"sigma_max": 0.30, "eta_min": 0.80, "phi_min": 0.75},
    "outcome": "pass",
    "witness": "interlink",
    "notes": "Directory layout and archival flow match spec"
  },
  {
    "id": "mc-vo-005",
    "timestamp": "2025-10-31T13:53:40Z",
    "source_node": "vn-ace-vesselOS-arch-001",
    "target_node": "vn-mandala-001",
    "method": "semantic_embedding/v1",
    "metrics": { "sigma": 0.14, "eta": 0.93, "phi": 0.86 },
    "thresholds": {"sigma_max": 0.30, "eta_min": 0.80, "phi_min": 0.75},
    "outcome": "pass",
    "witness": "interlink",
    "notes": "Ritual UI semantics consistent with mirrored layout"
  }
]
