[
  {
    "timestamp": "2025-10-31T13:50:10Z",
    "event": "bridge-prepared",
    "bridge_id": "br-sacs-vesselOS-001",
    "details": "Initialized metrics for VesselOS ↔ SACS"
  },
  {
    "timestamp": "2025-10-31T13:51:45Z",
    "event": "gate-sequence-started",
    "session_id": "gs-vo-20251031-01",
    "details": "Preflight check passed; proceeding to hadamard"
  },
  {
    "timestamp": "2025-10-31T13:51:30Z",
    "event": "mirror-checks-complete",
    "checks": ["mc-vo-001", "mc-vo-002", "mc-vo-003", "mc-vo-004", "mc-vo-005"],
    "details": "All mirror checks passed thresholds"
  },
  {
    "timestamp": "2025-10-31T13:53:05Z",
    "event": "consent-verified",
    "tier": "strict",
    "witness": "ace-the-dactyl"
  },
  {
    "timestamp": "2025-10-31T13:52:10Z",
    "event": "superposition-ok",
    "agent": "interlink",
    "notes": "state stable"
  },
  {
    "timestamp": "2025-10-31T13:56:45Z",
    "event": "sealed",
    "mode": "soft",
    "hash": "5422574b4465c0c320730e4de21a2fb0a59ab6ae7ccb34a3312532f53be86b0d"
  },
  {
    "timestamp": "2025-10-31T13:56:47Z",
    "event": "backlink-updated",
    "file": "VaultCore/2_VaultNodes/SACS/bridge-map.json",
    "interlink_key": "br-sacs-vesselOS-001"
  },
  {
    "timestamp": "2025-10-31T13:56:50Z",
    "event": "registry-updated",
    "file": "VaultCore/index.json"
  }
]
