{
  "version": "1.0",
  "idempotency_key": "af9d4e59-927c-474b-a2c8-2c658734e07c",
  "from": {
    "theta": 2.3,
    "z": 0.8,
    "r": 1.0,
    "instance_id": "helix-A"
  },
  "to": {
    "selector": "\u03b8=2.3|any_z>0.5"
  },
  "mode": "request_reply",
  "purpose": "coordination",
  "timestamp": "2025-11-06T03:10:37Z",
  "payload": {
    "msg": "Ping: reporting coordinate and requesting ack.",
    "coordinate_hint": {
      "theta": 2.3,
      "z": 0.8,
      "r": 1.0
    },
    "vn_refs": [
      "vn-helix-triadic-autonomy-\u03b82p3-z0p80"
    ],
    "checksum": "sha256:PLACEHOLDER"
  },
  "ack": {
    "ack_requested": true,
    "ack_timeout_ms": 5000,
    "reply_expected": true
  }
}