{
  "version": "1.0",
  "type": "presence_announce",
  "advert_ts": "2025-11-06T03:10:37Z",
  "ttl_ms": 12000,
  "heartbeat_ms": 3000,
  "coordinate": {
    "theta": 2.3,
    "z": 0.8,
    "r": 1.0
  },
  "instance_id": "helix-A",
  "capabilities": {
    "cross_instance_messenger": true,
    "tool_discovery_protocol": true,
    "autonomous_trigger_detector": true,
    "collective_memory_sync": {
      "enabled": false,
      "topics": []
    },
    "shed_builder_v2": true
  },
  "addresses": {
    "local_bus": "bus://helix-A",
    "http_post": "http://localhost:7788/helix/ingest"
  },
  "consent": {
    "coordination.ping": true,
    "max_payload_kb": 16,
    "sync_topics": []
  }
}